question,query
what is the biggest city in wyoming,"SELECT city_name FROM city WHERE population  =  ( SELECT MAX ( population ) FROM city WHERE state_name  =  ""wyoming"" ) AND state_name  =  ""wyoming"";"
what wyoming city has the largest population,"SELECT city_name FROM city WHERE population  =  ( SELECT MAX ( population ) FROM city WHERE state_name  =  ""wyoming"" ) AND state_name  =  ""wyoming"";"
what is the largest city in wyoming,"SELECT city_name FROM city WHERE population  =  ( SELECT MAX ( population ) FROM city WHERE state_name  =  ""wyoming"" ) AND state_name  =  ""wyoming"";"
where is the most populated area of wyoming,"SELECT city_name FROM city WHERE population  =  ( SELECT MAX ( population ) FROM city WHERE state_name  =  ""wyoming"" ) AND state_name  =  ""wyoming"";"
which city in wyoming has the largest population,"SELECT city_name FROM city WHERE population  =  ( SELECT MAX ( population ) FROM city WHERE state_name  =  ""wyoming"" ) AND state_name  =  ""wyoming"";"
what cities in wyoming have the highest number of citizens,"SELECT city_name FROM city WHERE population  =  ( SELECT MAX ( population ) FROM city WHERE state_name  =  ""wyoming"" ) AND state_name  =  ""wyoming"";"
what cities in wyoming have the highest populations,"SELECT city_name FROM city WHERE population  =  ( SELECT MAX ( population ) FROM city WHERE state_name  =  ""wyoming"" ) AND state_name  =  ""wyoming"";"
what is the most populous city in wyoming,"SELECT city_name FROM city WHERE population  =  ( SELECT MAX ( population ) FROM city WHERE state_name  =  ""wyoming"" ) AND state_name  =  ""wyoming"";"
what is the largest city in wyoming by population,"SELECT city_name FROM city WHERE population  =  ( SELECT MAX ( population ) FROM city WHERE state_name  =  ""wyoming"" ) AND state_name  =  ""wyoming"";"
what is the largest city of wyoming,"SELECT city_name FROM city WHERE population  =  ( SELECT MAX ( population ) FROM city WHERE state_name  =  ""wyoming"" ) AND state_name  =  ""wyoming"";"
what is the city in wyoming with the largest population,"SELECT city_name FROM city WHERE population  =  ( SELECT MAX ( population ) FROM city WHERE state_name  =  ""wyoming"" ) AND state_name  =  ""wyoming"";"
which rivers run through the state with the largest city in the us,SELECT river_name FROM river WHERE traverse IN ( SELECT state_name FROM city WHERE population  =  ( SELECT MAX ( population ) FROM city ) );
how big is new mexico,"SELECT area FROM state WHERE state_name  =  ""new mexico"";"
what is the area of new mexico,"SELECT area FROM state WHERE state_name  =  ""new mexico"";"
how large is new mexico,"SELECT area FROM state WHERE state_name  =  ""new mexico"";"
what is the area of the new mexico state,"SELECT area FROM state WHERE state_name  =  ""new mexico"";"
what is the size of new mexico,"SELECT area FROM state WHERE state_name  =  ""new mexico"";"
what is the area of new mexico in square kilometers,"SELECT area FROM state WHERE state_name  =  ""new mexico"";"
how many people live in california,"SELECT population FROM state WHERE state_name  =  ""california"";"
how many people reside in california,"SELECT population FROM state WHERE state_name  =  ""california"";"
how many residents live in california,"SELECT population FROM state WHERE state_name  =  ""california"";"
how much population does california have,"SELECT population FROM state WHERE state_name  =  ""california"";"
what are the population of california,"SELECT population FROM state WHERE state_name  =  ""california"";"
what is the population of california,"SELECT population FROM state WHERE state_name  =  ""california"";"
how many people are in the state of california,"SELECT population FROM state WHERE state_name  =  ""california"";"
what can you tell me about the population of california,"SELECT population FROM state WHERE state_name  =  ""california"";"
how many people are there in california,"SELECT population FROM state WHERE state_name  =  ""california"";"
how many citizens in california,"SELECT population FROM state WHERE state_name  =  ""california"";"
how many people stay in california,"SELECT population FROM state WHERE state_name  =  ""california"";"
how many citizens live in california,"SELECT population FROM state WHERE state_name  =  ""california"";"
what state has the smallest population,SELECT state_name FROM state WHERE population  =  ( SELECT MIN ( population ) FROM state );
what is the least populous state,SELECT state_name FROM state WHERE population  =  ( SELECT MIN ( population ) FROM state );
what is the state with the lowest population,SELECT state_name FROM state WHERE population  =  ( SELECT MIN ( population ) FROM state );
give me the cities in texas,"SELECT city_name FROM city WHERE state_name  =  ""texas"";"
tell me what cities are in texas,"SELECT city_name FROM city WHERE state_name  =  ""texas"";"
what cities are located in texas,"SELECT city_name FROM city WHERE state_name  =  ""texas"";"
what are the cities in texas,"SELECT city_name FROM city WHERE state_name  =  ""texas"";"
what cities in texas,"SELECT city_name FROM city WHERE state_name  =  ""texas"";"
give me the cities which are in texas,"SELECT city_name FROM city WHERE state_name  =  ""texas"";"
what is the area of the state with the capital albany,"SELECT area FROM state WHERE capital  =  ""albany"";"
give me the lakes in california,"SELECT lake_name FROM lake WHERE state_name  =  ""california"";"
name the major lakes in michigan,"SELECT lake_name FROM lake WHERE area  >  750 AND state_name  =  ""michigan"";"
what are the states,SELECT state_name FROM state;
list the states,SELECT state_name FROM state;
give me all the states of usa,SELECT state_name FROM state;
which states do ohio river flow through,"SELECT traverse FROM river WHERE river_name  =  ""ohio"";"
what states does the ohio river run through,"SELECT traverse FROM river WHERE river_name  =  ""ohio"";"
what states border the ohio river,"SELECT traverse FROM river WHERE river_name  =  ""ohio"";"
which states border the ohio river,"SELECT traverse FROM river WHERE river_name  =  ""ohio"";"
what states does the ohio run through,"SELECT traverse FROM river WHERE river_name  =  ""ohio"";"
where is the ohio river,"SELECT traverse FROM river WHERE river_name  =  ""ohio"";"
which states does the ohio river run through,"SELECT traverse FROM river WHERE river_name  =  ""ohio"";"
which states does the ohio run through,"SELECT traverse FROM river WHERE river_name  =  ""ohio"";"
which states does the ohio river pass through,"SELECT traverse FROM river WHERE river_name  =  ""ohio"";"
what are the states that the ohio run through,"SELECT traverse FROM river WHERE river_name  =  ""ohio"";"
which state has the ohio river,"SELECT traverse FROM river WHERE river_name  =  ""ohio"";"
what states have rivers named ohio,"SELECT traverse FROM river WHERE river_name  =  ""ohio"";"
through which states does the ohio flow,"SELECT traverse FROM river WHERE river_name  =  ""ohio"";"
what states are next to the ohio,"SELECT traverse FROM river WHERE river_name  =  ""ohio"";"
through which states does the ohio run,"SELECT traverse FROM river WHERE river_name  =  ""ohio"";"
what states does the ohio river go through,"SELECT traverse FROM river WHERE river_name  =  ""ohio"";"
what state has the largest population,SELECT state_name FROM state WHERE population  =  ( SELECT MAX ( population ) FROM state );
what is the most populous state,SELECT state_name FROM state WHERE population  =  ( SELECT MAX ( population ) FROM state );
what state is the largest in population,SELECT state_name FROM state WHERE population  =  ( SELECT MAX ( population ) FROM state );
which state has the biggest population,SELECT state_name FROM state WHERE population  =  ( SELECT MAX ( population ) FROM state );
which state has the greatest population,SELECT state_name FROM state WHERE population  =  ( SELECT MAX ( population ) FROM state );
which state has the most population,SELECT state_name FROM state WHERE population  =  ( SELECT MAX ( population ) FROM state );
what state has the most people,SELECT state_name FROM state WHERE population  =  ( SELECT MAX ( population ) FROM state );
which state has the most people,SELECT state_name FROM state WHERE population  =  ( SELECT MAX ( population ) FROM state );
what is the most populous state in the us,SELECT state_name FROM state WHERE population  =  ( SELECT MAX ( population ) FROM state );
what state has the highest population,SELECT state_name FROM state WHERE population  =  ( SELECT MAX ( population ) FROM state );
what is the lowest elevation in pennsylvania,"SELECT lowest_elevation FROM highlow WHERE state_name  =  ""pennsylvania"";"
what is the highest point in each state whose lowest point is sea level,"SELECT highest_point  ,  state_name FROM highlow WHERE lowest_elevation  =  0;"
what is the length of the longest river in the usa,SELECT LENGTH FROM river WHERE LENGTH  =  ( SELECT MAX ( LENGTH ) FROM river );
how long is the longest river in the usa,SELECT LENGTH FROM river WHERE LENGTH  =  ( SELECT MAX ( LENGTH ) FROM river );
what is the longest river flowing through texas,"SELECT river_name FROM river WHERE LENGTH  =  ( SELECT MAX ( LENGTH ) FROM river WHERE traverse  =  ""texas"" ) AND traverse  =  ""texas"";"
what is the largest river in texas state,"SELECT river_name FROM river WHERE LENGTH  =  ( SELECT MAX ( LENGTH ) FROM river WHERE traverse  =  ""texas"" ) AND traverse  =  ""texas"";"
what is the longest river in texas,"SELECT river_name FROM river WHERE LENGTH  =  ( SELECT MAX ( LENGTH ) FROM river WHERE traverse  =  ""texas"" ) AND traverse  =  ""texas"";"
what is the biggest river in texas,"SELECT river_name FROM river WHERE LENGTH  =  ( SELECT MAX ( LENGTH ) FROM river WHERE traverse  =  ""texas"" ) AND traverse  =  ""texas"";"
what is the longest river that flows through texas,"SELECT river_name FROM river WHERE LENGTH  =  ( SELECT MAX ( LENGTH ) FROM river WHERE traverse  =  ""texas"" ) AND traverse  =  ""texas"";"
what are the biggest rivers in texas,"SELECT river_name FROM river WHERE LENGTH  =  ( SELECT MAX ( LENGTH ) FROM river WHERE traverse  =  ""texas"" ) AND traverse  =  ""texas"";"
how many rivers are in idaho,"SELECT COUNT ( river_name ) FROM river WHERE traverse  =  ""idaho"";"
give me the number of rivers in idaho,"SELECT COUNT ( river_name ) FROM river WHERE traverse  =  ""idaho"";"
how many rivers does idaho have,"SELECT COUNT ( river_name ) FROM river WHERE traverse  =  ""idaho"";"
how many rivers are there in idaho,"SELECT COUNT ( river_name ) FROM river WHERE traverse  =  ""idaho"";"
how many rivers run through idaho,"SELECT COUNT ( river_name ) FROM river WHERE traverse  =  ""idaho"";"
how many rivers are found in idaho,"SELECT COUNT ( river_name ) FROM river WHERE traverse  =  ""idaho"";"
how many rivers in idaho,"SELECT COUNT ( river_name ) FROM river WHERE traverse  =  ""idaho"";"
what states neighbor kentucky,"SELECT border FROM border_info WHERE state_name  =  ""kentucky"";"
which states border kentucky,"SELECT border FROM border_info WHERE state_name  =  ""kentucky"";"
what states border kentucky,"SELECT border FROM border_info WHERE state_name  =  ""kentucky"";"
give me the states that border kentucky,"SELECT border FROM border_info WHERE state_name  =  ""kentucky"";"
what state borders kentucky,"SELECT border FROM border_info WHERE state_name  =  ""kentucky"";"
what states are next to kentucky,"SELECT border FROM border_info WHERE state_name  =  ""kentucky"";"
what states surround kentucky,"SELECT border FROM border_info WHERE state_name  =  ""kentucky"";"
which state borders kentucky,"SELECT border FROM border_info WHERE state_name  =  ""kentucky"";"
what are the neighboring states for kentucky,"SELECT border FROM border_info WHERE state_name  =  ""kentucky"";"
which states adjoin kentucky,"SELECT border FROM border_info WHERE state_name  =  ""kentucky"";"
states bordering kentucky,"SELECT border FROM border_info WHERE state_name  =  ""kentucky"";"
which state border kentucky,"SELECT border FROM border_info WHERE state_name  =  ""kentucky"";"
what is the adjacent state of kentucky,"SELECT border FROM border_info WHERE state_name  =  ""kentucky"";"
name all the rivers in illinois,"SELECT river_name FROM river WHERE traverse  =  ""illinois"";"
rivers in illinois,"SELECT river_name FROM river WHERE traverse  =  ""illinois"";"
what are all the rivers in illinois,"SELECT river_name FROM river WHERE traverse  =  ""illinois"";"
what are the rivers in illinois,"SELECT river_name FROM river WHERE traverse  =  ""illinois"";"
what rivers are in illinois,"SELECT river_name FROM river WHERE traverse  =  ""illinois"";"
what rivers are there in illinois,"SELECT river_name FROM river WHERE traverse  =  ""illinois"";"
what rivers run through illinois,"SELECT river_name FROM river WHERE traverse  =  ""illinois"";"
what rivers flow through illinois,"SELECT river_name FROM river WHERE traverse  =  ""illinois"";"
what river flows through illinois,"SELECT river_name FROM river WHERE traverse  =  ""illinois"";"
what are the rivers in the state of illinois,"SELECT river_name FROM river WHERE traverse  =  ""illinois"";"
name the rivers in illinois,"SELECT river_name FROM river WHERE traverse  =  ""illinois"";"
what are the rivers of illinois,"SELECT river_name FROM river WHERE traverse  =  ""illinois"";"
which rivers are in illinois,"SELECT river_name FROM river WHERE traverse  =  ""illinois"";"
which rivers flow through illinois,"SELECT river_name FROM river WHERE traverse  =  ""illinois"";"
what is the river that cross over illinois,"SELECT river_name FROM river WHERE traverse  =  ""illinois"";"
what river runs through illinois,"SELECT river_name FROM river WHERE traverse  =  ""illinois"";"
what state is springfield in,"SELECT state_name FROM city WHERE city_name  =  ""springfield"";"
where is springfield,"SELECT state_name FROM city WHERE city_name  =  ""springfield"";"
springfield is in what state,"SELECT state_name FROM city WHERE city_name  =  ""springfield"";"
what states have cities named springfield,"SELECT state_name FROM city WHERE city_name  =  ""springfield"";"
which states have cities named springfield,"SELECT state_name FROM city WHERE city_name  =  ""springfield"";"
which state is springfield in,"SELECT state_name FROM city WHERE city_name  =  ""springfield"";"
what states have a city named springfield,"SELECT state_name FROM city WHERE city_name  =  ""springfield"";"
what state has the city springfield,"SELECT state_name FROM city WHERE city_name  =  ""springfield"";"
what states have towns named springfield,"SELECT state_name FROM city WHERE city_name  =  ""springfield"";"
what state is springfield located in,"SELECT state_name FROM city WHERE city_name  =  ""springfield"";"
in which state is springfield,"SELECT state_name FROM city WHERE city_name  =  ""springfield"";"
which state is the city springfield located in,"SELECT state_name FROM city WHERE city_name  =  ""springfield"";"
what states in the united states have a city of springfield,"SELECT state_name FROM city WHERE city_name  =  ""springfield"";"
what is the population of the state with the largest area,SELECT population FROM state WHERE area  =  ( SELECT MAX ( area ) FROM state );
what is the population of the largest state,SELECT population FROM state WHERE area  =  ( SELECT MAX ( area ) FROM state );
how many people live in boulder,"SELECT population FROM city WHERE city_name  =  ""boulder"";"
what is the population of boulder,"SELECT population FROM city WHERE city_name  =  ""boulder"";"
how many people lived in boulder,"SELECT population FROM city WHERE city_name  =  ""boulder"";"
number of people in boulder,"SELECT population FROM city WHERE city_name  =  ""boulder"";"
what is the population of boulder city,"SELECT population FROM city WHERE city_name  =  ""boulder"";"
how big is the city of boulder,"SELECT population FROM city WHERE city_name  =  ""boulder"";"
population of boulder,"SELECT population FROM city WHERE city_name  =  ""boulder"";"
what is the population in boulder,"SELECT population FROM city WHERE city_name  =  ""boulder"";"
people in boulder,"SELECT population FROM city WHERE city_name  =  ""boulder"";"
how many people in boulder,"SELECT population FROM city WHERE city_name  =  ""boulder"";"
how many inhabitants does boulder have,"SELECT population FROM city WHERE city_name  =  ""boulder"";"
number of citizens in boulder,"SELECT population FROM city WHERE city_name  =  ""boulder"";"
how many citizens in boulder,"SELECT population FROM city WHERE city_name  =  ""boulder"";"
what is the smallest city in alaska,"SELECT city_name FROM city WHERE population  =  ( SELECT MIN ( population ) FROM city WHERE state_name  =  ""alaska"" ) AND state_name  =  ""alaska"";"
which states lie on the largest river in the united states,SELECT traverse FROM river WHERE LENGTH  =  ( SELECT MAX ( LENGTH ) FROM river );
which states does the longest river run through,SELECT traverse FROM river WHERE LENGTH  =  ( SELECT MAX ( LENGTH ) FROM river );
which state has the longest river,SELECT traverse FROM river WHERE LENGTH  =  ( SELECT MAX ( LENGTH ) FROM river );
what are the states through which the longest river runs,SELECT traverse FROM river WHERE LENGTH  =  ( SELECT MAX ( LENGTH ) FROM river );
which states does the longest river cross,SELECT traverse FROM river WHERE LENGTH  =  ( SELECT MAX ( LENGTH ) FROM river );
what is the population density of the state with the smallest area,SELECT density FROM state WHERE area  =  ( SELECT MIN ( area ) FROM state );
what is the population density of the smallest state,SELECT density FROM state WHERE area  =  ( SELECT MIN ( area ) FROM state );
which states have points higher than the highest point in colorado,"SELECT state_name FROM highlow WHERE highest_elevation  >  ( SELECT highest_elevation FROM highlow WHERE state_name  =  ""colorado"" );"
which states have points that are higher than the highest point in colorado,"SELECT state_name FROM highlow WHERE highest_elevation  >  ( SELECT highest_elevation FROM highlow WHERE state_name  =  ""colorado"" );"
what states high point are higher than that of colorado,"SELECT state_name FROM highlow WHERE highest_elevation  >  ( SELECT highest_elevation FROM highlow WHERE state_name  =  ""colorado"" );"
what is the highest elevation in delaware,"SELECT highest_elevation FROM highlow WHERE state_name  =  ""delaware"";"
how high is the highest point of delaware,"SELECT highest_elevation FROM highlow WHERE state_name  =  ""delaware"";"
how tall is the highest point in delaware,"SELECT highest_elevation FROM highlow WHERE state_name  =  ""delaware"";"
what is the highest point in delaware in meters,"SELECT highest_elevation FROM highlow WHERE state_name  =  ""delaware"";"
how high is the highest point in delaware,"SELECT highest_elevation FROM highlow WHERE state_name  =  ""delaware"";"
give me the longest river that passes through the us,SELECT river_name FROM river WHERE LENGTH  =  ( SELECT MAX ( LENGTH ) FROM river );
which is the longest river in usa,SELECT river_name FROM river WHERE LENGTH  =  ( SELECT MAX ( LENGTH ) FROM river );
what is the longest river in america,SELECT river_name FROM river WHERE LENGTH  =  ( SELECT MAX ( LENGTH ) FROM river );
name the longest river in us,SELECT river_name FROM river WHERE LENGTH  =  ( SELECT MAX ( LENGTH ) FROM river );
what river is the longest one in the united states,SELECT river_name FROM river WHERE LENGTH  =  ( SELECT MAX ( LENGTH ) FROM river );
what is the longest river in the us,SELECT river_name FROM river WHERE LENGTH  =  ( SELECT MAX ( LENGTH ) FROM river );
what is the longest river,SELECT river_name FROM river WHERE LENGTH  =  ( SELECT MAX ( LENGTH ) FROM river );
what is the longest river in the united states,SELECT river_name FROM river WHERE LENGTH  =  ( SELECT MAX ( LENGTH ) FROM river );
what state has the city with the largest population,SELECT state_name FROM city WHERE population  =  ( SELECT MAX ( population ) FROM city );
what state has the largest city,SELECT state_name FROM city WHERE population  =  ( SELECT MAX ( population ) FROM city );
which state has the largest city,SELECT state_name FROM city WHERE population  =  ( SELECT MAX ( population ) FROM city );
what state has the city with the most population,SELECT state_name FROM city WHERE population  =  ( SELECT MAX ( population ) FROM city );
what is the smallest city in the largest state,SELECT city_name FROM city WHERE population  =  ( SELECT MIN ( population ) FROM city WHERE state_name IN ( SELECT state_name FROM state WHERE area  =  ( SELECT MAX ( area ) FROM state ) ) ) AND state_name IN ( SELECT state_name FROM state WHERE area  =  ( SELECT MAX ( area ) FROM state ) );
what state is the biggest,SELECT state_name FROM state WHERE area  =  ( SELECT MAX ( area ) FROM state );
what is the state with the largest area,SELECT state_name FROM state WHERE area  =  ( SELECT MAX ( area ) FROM state );
what state has the largest area,SELECT state_name FROM state WHERE area  =  ( SELECT MAX ( area ) FROM state );
what is the biggest state in continental us,SELECT state_name FROM state WHERE area  =  ( SELECT MAX ( area ) FROM state );
state the state with the largest area,SELECT state_name FROM state WHERE area  =  ( SELECT MAX ( area ) FROM state );
what is the largest state in usa,SELECT state_name FROM state WHERE area  =  ( SELECT MAX ( area ) FROM state );
what is the biggest state,SELECT state_name FROM state WHERE area  =  ( SELECT MAX ( area ) FROM state );
what is the biggest state in the usa,SELECT state_name FROM state WHERE area  =  ( SELECT MAX ( area ) FROM state );
give me the largest state,SELECT state_name FROM state WHERE area  =  ( SELECT MAX ( area ) FROM state );
what is the largest state in the us,SELECT state_name FROM state WHERE area  =  ( SELECT MAX ( area ) FROM state );
what is the largest state,SELECT state_name FROM state WHERE area  =  ( SELECT MAX ( area ) FROM state );
what are the highest points of states surrounding mississippi,"SELECT highest_point FROM highlow WHERE state_name IN ( SELECT border FROM border_info WHERE state_name  =  ""mississippi"" );"
what are the high points of states surrounding mississippi,"SELECT highest_point FROM highlow WHERE state_name IN ( SELECT border FROM border_info WHERE state_name  =  ""mississippi"" );"
what is the highest point in states bordering colorado,"SELECT highest_point FROM highlow WHERE state_name IN ( SELECT border FROM border_info WHERE state_name  =  ""colorado"" ) ORDER BY highest_elevation DESC LIMIT 1;"
what is the highest point in the states bordering colorado,"SELECT highest_point FROM highlow WHERE state_name IN ( SELECT border FROM border_info WHERE state_name  =  ""colorado"" ) ORDER BY highest_elevation DESC LIMIT 1;"
what is the state with the lowest population density,SELECT state_name FROM state WHERE density  =  ( SELECT MIN ( density ) FROM state );
what state has the lowest population density,SELECT state_name FROM state WHERE density  =  ( SELECT MIN ( density ) FROM state );
which state has the lowest population density,SELECT state_name FROM state WHERE density  =  ( SELECT MIN ( density ) FROM state );
which state has the smallest population density,SELECT state_name FROM state WHERE density  =  ( SELECT MIN ( density ) FROM state );
what state has the sparsest population density,SELECT state_name FROM state WHERE density  =  ( SELECT MIN ( density ) FROM state );
which state has the sparsest population density,SELECT state_name FROM state WHERE density  =  ( SELECT MIN ( density ) FROM state );
what state has the least population density,SELECT state_name FROM state WHERE density  =  ( SELECT MIN ( density ) FROM state );
which state has the least population density,SELECT state_name FROM state WHERE density  =  ( SELECT MIN ( density ) FROM state );
what state has the smallest population density,SELECT state_name FROM state WHERE density  =  ( SELECT MIN ( density ) FROM state );
where is the highest point in texas,"SELECT highest_point FROM highlow WHERE state_name  =  ""texas"";"
what is the highest point in texas,"SELECT highest_point FROM highlow WHERE state_name  =  ""texas"";"
what is the high point of texas,"SELECT highest_point FROM highlow WHERE state_name  =  ""texas"";"
what is the highest mountain in texas,"SELECT highest_point FROM highlow WHERE state_name  =  ""texas"";"
could you tell me what is the highest point in the state of texas,"SELECT highest_point FROM highlow WHERE state_name  =  ""texas"";"
what states have no bordering state,SELECT state_name FROM state WHERE state_name NOT IN ( SELECT state_name FROM border_info );
name the states which have no surrounding states,SELECT state_name FROM state WHERE state_name NOT IN ( SELECT state_name FROM border_info );
which states border no other states,SELECT state_name FROM state WHERE state_name NOT IN ( SELECT state_name FROM border_info );
what is the area of the state with the smallest population density,SELECT area FROM state WHERE density  =  ( SELECT MIN ( density ) FROM state );
count the states which have elevations lower than what alabama has,"SELECT COUNT ( state_name ) FROM highlow WHERE lowest_elevation  <  ( SELECT lowest_elevation FROM highlow WHERE state_name  =  ""alabama"" );"
how high is guadalupe peak,"SELECT highest_elevation FROM highlow WHERE highest_point  =  ""guadalupe peak"";"
how tall is guadalupe peak,"SELECT highest_elevation FROM highlow WHERE highest_point  =  ""guadalupe peak"";"
what is the maximum elevation of guadalupe peak,"SELECT highest_elevation FROM highlow WHERE highest_point  =  ""guadalupe peak"";"
how high is the highest point in america,SELECT MAX ( highest_elevation ) FROM highlow;
what is the highest elevation in the united states,SELECT MAX ( highest_elevation ) FROM highlow;
what is the elevation of the highest point in the usa,SELECT MAX ( highest_elevation ) FROM highlow;
what is the height of the highest point in the usa,SELECT MAX ( highest_elevation ) FROM highlow;
how long is the rio grande river,"SELECT LENGTH FROM river WHERE river_name  =  ""rio grande"";"
what is the length of the rio grande river,"SELECT LENGTH FROM river WHERE river_name  =  ""rio grande"";"
what length is the rio grande,"SELECT LENGTH FROM river WHERE river_name  =  ""rio grande"";"
how long is the rio grande,"SELECT LENGTH FROM river WHERE river_name  =  ""rio grande"";"
how long is the rio grande river in miles,"SELECT LENGTH FROM river WHERE river_name  =  ""rio grande"";"
how long is rio grande,"SELECT LENGTH FROM river WHERE river_name  =  ""rio grande"";"
how long is the longest river in texas,"SELECT LENGTH FROM river WHERE LENGTH  =  ( SELECT MAX ( LENGTH ) FROM river WHERE traverse  =  ""texas"" ) AND traverse  =  ""texas"";"
what is the length of the longest river that runs through texas,"SELECT LENGTH FROM river WHERE LENGTH  =  ( SELECT MAX ( LENGTH ) FROM river WHERE traverse  =  ""texas"" ) AND traverse  =  ""texas"";"
how many capitals does rhode island have,"SELECT COUNT ( capital ) FROM state WHERE state_name  =  ""rhode island"";"
how many cities are there in the united states,SELECT COUNT ( city_name ) FROM city;
how many cities does the usa have,SELECT COUNT ( city_name ) FROM city;
how many cities are there in the us,SELECT COUNT ( city_name ) FROM city;
how many cities are there in usa,SELECT COUNT ( city_name ) FROM city;
how many cities are there in us,SELECT COUNT ( city_name ) FROM city;
how many major cities are there,SELECT COUNT ( city_name ) FROM city WHERE population  >  150000;
how many citizens does the biggest city have in the usa,SELECT population FROM city WHERE population  =  ( SELECT MAX ( population ) FROM city );
how many colorado rivers are there,"SELECT COUNT ( river_name ) FROM river WHERE river_name  =  ""colorado"";"
how many rivers are called colorado,"SELECT COUNT ( river_name ) FROM river WHERE river_name  =  ""colorado"";"
what is the population of seattle washington,"SELECT population FROM city WHERE city_name  =  ""seattle"" AND state_name  =  ""washington"";"
how many people live in seattle washington,"SELECT population FROM city WHERE city_name  =  ""seattle"" AND state_name  =  ""washington"";"
how many people live in the biggest city in alaska state,"SELECT population FROM city WHERE population  =  ( SELECT MAX ( population ) FROM city WHERE state_name  =  ""alaska"" ) AND state_name  =  ""alaska"";"
how large is the largest city in alaska,"SELECT population FROM city WHERE population  =  ( SELECT MAX ( population ) FROM city WHERE state_name  =  ""alaska"" ) AND state_name  =  ""alaska"";"
how many people live in the capital of texas,"SELECT population FROM city WHERE city_name  =  ( SELECT capital FROM state WHERE state_name  =  ""texas"" );"
what is the size of the capital of texas,"SELECT population FROM city WHERE city_name  =  ( SELECT capital FROM state WHERE state_name  =  ""texas"" );"
how many people live in the united states,SELECT SUM ( population ) FROM state;
what is the combined population of all 50 states,SELECT SUM ( population ) FROM state;
how many states are in the usa,SELECT COUNT ( state_name ) FROM state;
how many states are there,SELECT COUNT ( state_name ) FROM state;
how many states are there in the usa,SELECT COUNT ( state_name ) FROM state;
how many states does usa have,SELECT COUNT ( state_name ) FROM state;
how many states are in the united states,SELECT COUNT ( state_name ) FROM state;
how many states are there in united states,SELECT COUNT ( state_name ) FROM state;
how many states border kentucky,"SELECT COUNT ( border ) FROM border_info WHERE state_name  =  ""kentucky"";"
how many states does kentucky border,"SELECT COUNT ( border ) FROM border_info WHERE state_name  =  ""kentucky"";"
kentucky borders how many states,"SELECT COUNT ( border ) FROM border_info WHERE state_name  =  ""kentucky"";"
number of states bordering kentucky,"SELECT COUNT ( border ) FROM border_info WHERE state_name  =  ""kentucky"";"
what is the number of neighboring states for kentucky,"SELECT COUNT ( border ) FROM border_info WHERE state_name  =  ""kentucky"";"
how many states border the state with the largest population,SELECT COUNT ( border ) FROM border_info WHERE state_name IN ( SELECT state_name FROM state WHERE population  =  ( SELECT MAX ( population ) FROM state ) );
how many states do not have rivers,SELECT COUNT ( DISTINCT state_name ) FROM state WHERE state_name NOT IN ( SELECT traverse FROM river );
how many states have a higher point than the highest point of the state with the largest capital city in the us,SELECT COUNT ( state_name ) FROM highlow WHERE highest_elevation  >  ( SELECT highest_elevation FROM highlow WHERE state_name  =  ( SELECT state_name FROM state WHERE capital  =  ( SELECT city_name FROM city WHERE population  =  ( SELECT MAX ( population ) FROM city ) ) ) );
name the major rivers in illinois,"SELECT river_name FROM river WHERE LENGTH  >  750 AND traverse  =  ""illinois"";"
what are the major rivers in illinois,"SELECT river_name FROM river WHERE LENGTH  >  750 AND traverse  =  ""illinois"";"
what are major rivers in illinois,"SELECT river_name FROM river WHERE LENGTH  >  750 AND traverse  =  ""illinois"";"
what major rivers run through illinois,"SELECT river_name FROM river WHERE LENGTH  >  750 AND traverse  =  ""illinois"";"
through which states does the longest river in texas run,"SELECT traverse FROM river WHERE LENGTH  =  ( SELECT MAX ( LENGTH ) FROM river WHERE traverse  =  ""texas"" );"
what are the capital city in texas,"SELECT capital FROM state WHERE state_name  =  ""texas"";"
what is the capital of texas,"SELECT capital FROM state WHERE state_name  =  ""texas"";"
what is the capital of the texas state,"SELECT capital FROM state WHERE state_name  =  ""texas"";"
what is capital of texas,"SELECT capital FROM state WHERE state_name  =  ""texas"";"
what is the capital of the state texas,"SELECT capital FROM state WHERE state_name  =  ""texas"";"
can you tell me the capital of texas,"SELECT capital FROM state WHERE state_name  =  ""texas"";"
what are the capitals of states that border texas,"SELECT t2.capital FROM state AS t2 JOIN border_info AS t1 ON t2.state_name  =  t1.border WHERE t1.state_name  =  ""texas"";"
what are the capital cities of the states which border texas,"SELECT t2.capital FROM state AS t2 JOIN border_info AS t1 ON t2.state_name  =  t1.border WHERE t1.state_name  =  ""texas"";"
what are the capitals of the states that border texas,"SELECT t2.capital FROM state AS t2 JOIN border_info AS t1 ON t2.state_name  =  t1.border WHERE t1.state_name  =  ""texas"";"
which capitals are in the states that border texas,"SELECT t2.capital FROM state AS t2 JOIN border_info AS t1 ON t2.state_name  =  t1.border WHERE t1.state_name  =  ""texas"";"
what are the cities in states through which the mississippi runs,"SELECT city_name FROM city WHERE state_name IN ( SELECT traverse FROM river WHERE river_name  =  ""mississippi"" );"
what are the cities of the state with the highest point,SELECT city_name FROM city WHERE state_name IN ( SELECT state_name FROM highlow WHERE highest_elevation  =  ( SELECT MAX ( highest_elevation ) FROM highlow ) );
what are the highest points of all the states,SELECT highest_point FROM highlow;
what are the major cities in kansas,"SELECT city_name FROM city WHERE population  >  150000 AND state_name  =  ""kansas"";"
what are the major cities in the state of kansas,"SELECT city_name FROM city WHERE population  >  150000 AND state_name  =  ""kansas"";"
what major cities are located in kansas,"SELECT city_name FROM city WHERE population  >  150000 AND state_name  =  ""kansas"";"
show major cities in kansas,"SELECT city_name FROM city WHERE population  >  150000 AND state_name  =  ""kansas"";"
what are the names of the major cities in kansas,"SELECT city_name FROM city WHERE population  >  150000 AND state_name  =  ""kansas"";"
what are the major cities of kansas,"SELECT city_name FROM city WHERE population  >  150000 AND state_name  =  ""kansas"";"
what is the major cities in kansas,"SELECT city_name FROM city WHERE population  >  150000 AND state_name  =  ""kansas"";"
what are the major cities in states through which the mississippi runs,"SELECT city_name FROM city WHERE population  >  150000 AND state_name IN ( SELECT traverse FROM river WHERE LENGTH  >  750 AND river_name  =  ""mississippi"" );"
what are the major cities in the usa,SELECT city_name FROM city WHERE population  >  150000;
what are the major cities of the united states,SELECT city_name FROM city WHERE population  >  150000;
what are the major cities of the us,SELECT city_name FROM city WHERE population  >  150000;
what are the population densities of each us state,SELECT density FROM state;
what are the populations of states through which the mississippi river run,"SELECT population FROM state WHERE state_name IN ( SELECT traverse FROM river WHERE river_name  =  ""mississippi"" );"
what are the populations of states through which the mississippi runs,"SELECT population FROM state WHERE state_name IN ( SELECT traverse FROM river WHERE river_name  =  ""mississippi"" );"
what are the populations of the states through which the mississippi runs,"SELECT population FROM state WHERE state_name IN ( SELECT traverse FROM river WHERE river_name  =  ""mississippi"" );"
what are the populations of states through which the mississippi river runs,"SELECT population FROM state WHERE state_name IN ( SELECT traverse FROM river WHERE river_name  =  ""mississippi"" );"
what are the populations of the states through which the mississippi run,"SELECT population FROM state WHERE state_name IN ( SELECT traverse FROM river WHERE river_name  =  ""mississippi"" );"
what are the populations of the states through which the mississippi river run,"SELECT population FROM state WHERE state_name IN ( SELECT traverse FROM river WHERE river_name  =  ""mississippi"" );"
what are the populations of states through which the mississippi run,"SELECT population FROM state WHERE state_name IN ( SELECT traverse FROM river WHERE river_name  =  ""mississippi"" );"
what are the populations of the states through which the mississippi river runs,"SELECT population FROM state WHERE state_name IN ( SELECT traverse FROM river WHERE river_name  =  ""mississippi"" );"
what are the populations of states which border texas,"SELECT t2.population FROM state AS t2 JOIN border_info AS t1 ON t2.state_name  =  t1.border WHERE t1.state_name  =  ""texas"";"
what are the populations of the major cities of wisconsin,"SELECT population FROM city WHERE population  >  150000 AND state_name  =  ""wisconsin"";"
what are the populations of all the major cities in wisconsin,"SELECT population FROM city WHERE population  >  150000 AND state_name  =  ""wisconsin"";"
what is the population of the major cities in wisconsin,"SELECT population FROM city WHERE population  >  150000 AND state_name  =  ""wisconsin"";"
what city has the most people,SELECT city_name FROM city WHERE population  =  ( SELECT MAX ( population ) FROM city );
what city in the united states has the highest population density,SELECT city_name FROM city WHERE population  =  ( SELECT MAX ( population ) FROM city );
what is the most populous city,SELECT city_name FROM city WHERE population  =  ( SELECT MAX ( population ) FROM city );
which us city has the highest population density,SELECT city_name FROM city WHERE population  =  ( SELECT MAX ( population ) FROM city );
what is the biggest city in the usa,SELECT city_name FROM city WHERE population  =  ( SELECT MAX ( population ) FROM city );
whats the largest city,SELECT city_name FROM city WHERE population  =  ( SELECT MAX ( population ) FROM city );
what city has the largest population,SELECT city_name FROM city WHERE population  =  ( SELECT MAX ( population ) FROM city );
what is the biggest city in the us,SELECT city_name FROM city WHERE population  =  ( SELECT MAX ( population ) FROM city );
what is the biggest city in usa,SELECT city_name FROM city WHERE population  =  ( SELECT MAX ( population ) FROM city );
what is the biggest capital city in the us,SELECT city_name FROM city WHERE population  =  ( SELECT MAX ( t1.population ) FROM state AS t2 JOIN city AS t1 ON t2.capital  =  t1.city_name );
what is the largest capital city in the usa,SELECT city_name FROM city WHERE population  =  ( SELECT MAX ( t1.population ) FROM state AS t2 JOIN city AS t1 ON t2.capital  =  t1.city_name );
what is the largest state capital in population,SELECT city_name FROM city WHERE population  =  ( SELECT MAX ( t1.population ) FROM state AS t2 JOIN city AS t1 ON t2.capital  =  t1.city_name );
what is the largest capital,SELECT city_name FROM city WHERE population  =  ( SELECT MAX ( t1.population ) FROM state AS t2 JOIN city AS t1 ON t2.capital  =  t1.city_name );
what is the most populated capital in the usa,SELECT city_name FROM city WHERE population  =  ( SELECT MAX ( t1.population ) FROM state AS t2 JOIN city AS t1 ON t2.capital  =  t1.city_name );
what capital is the largest in the us,SELECT city_name FROM city WHERE population  =  ( SELECT MAX ( t1.population ) FROM state AS t2 JOIN city AS t1 ON t2.capital  =  t1.city_name );
what capital has the largest population,SELECT city_name FROM city WHERE population  =  ( SELECT MAX ( t1.population ) FROM state AS t2 JOIN city AS t1 ON t2.capital  =  t1.city_name );
what is largest capital,SELECT city_name FROM city WHERE population  =  ( SELECT MAX ( t1.population ) FROM state AS t2 JOIN city AS t1 ON t2.capital  =  t1.city_name );
what is the capital of states that have cities named durham,"SELECT t2.capital FROM state AS t2 JOIN city AS t1 ON t2.state_name  =  t1.state_name WHERE t1.city_name  =  ""durham"";"
what is the capital of the smallest state,SELECT capital FROM state WHERE area  =  ( SELECT MIN ( area ) FROM state );
what is the capital of the state with the largest population density,SELECT DISTINCT capital FROM state WHERE density  =  ( SELECT MAX ( density ) FROM state );
what is the capital of the state with the largest population,SELECT capital FROM state WHERE population  =  ( SELECT MAX ( population ) FROM state );
what is the capital of the state with the most inhabitants,SELECT capital FROM state WHERE population  =  ( SELECT MAX ( population ) FROM state );
what is the capital of the state with the longest river,SELECT capital FROM state WHERE state_name IN ( SELECT traverse FROM river WHERE LENGTH  =  ( SELECT MAX ( LENGTH ) FROM river ) );
what is the combined area of all 50 states,SELECT SUM ( area ) FROM state;
what is the area of all the states combined,SELECT SUM ( area ) FROM state;
how many square kilometers in the us,SELECT SUM ( area ) FROM state;
what is the total area of the usa,SELECT SUM ( area ) FROM state;
what is the density of the wyoming,"SELECT density FROM state WHERE state_name  =  ""wyoming"";"
what is the population density of wyoming,"SELECT density FROM state WHERE state_name  =  ""wyoming"";"
what is the density of wyoming,"SELECT density FROM state WHERE state_name  =  ""wyoming"";"
what is the highest mountain in the us,SELECT mountain_name FROM mountain WHERE mountain_altitude  =  ( SELECT MAX ( mountain_altitude ) FROM mountain );
what is the highest mountain in us,SELECT mountain_name FROM mountain WHERE mountain_altitude  =  ( SELECT MAX ( mountain_altitude ) FROM mountain );
what is the tallest mountain in america,SELECT mountain_name FROM mountain WHERE mountain_altitude  =  ( SELECT MAX ( mountain_altitude ) FROM mountain );
what is the tallest mountain in the united states,SELECT mountain_name FROM mountain WHERE mountain_altitude  =  ( SELECT MAX ( mountain_altitude ) FROM mountain );
what is the highest point in the state with capital des moines,"SELECT highest_point FROM highlow WHERE state_name IN ( SELECT state_name FROM state WHERE capital  =  ""des moines"" );"
what is the highest point in the state with the capital des moines,"SELECT highest_point FROM highlow WHERE state_name IN ( SELECT state_name FROM state WHERE capital  =  ""des moines"" );"
what is the highest point in the usa,SELECT highest_point FROM highlow WHERE highest_elevation  =  ( SELECT MAX ( highest_elevation ) FROM highlow );
what is the highest point of the usa,SELECT highest_point FROM highlow WHERE highest_elevation  =  ( SELECT MAX ( highest_elevation ) FROM highlow );
what is the highest point in the country,SELECT highest_point FROM highlow WHERE highest_elevation  =  ( SELECT MAX ( highest_elevation ) FROM highlow );
what is the highest point in the us,SELECT highest_point FROM highlow WHERE highest_elevation  =  ( SELECT MAX ( highest_elevation ) FROM highlow );
what is the highest point in the united states,SELECT highest_point FROM highlow WHERE highest_elevation  =  ( SELECT MAX ( highest_elevation ) FROM highlow );
what is the highest point of the state with the smallest population density,SELECT highest_point FROM highlow WHERE state_name IN ( SELECT state_name FROM state WHERE density  =  ( SELECT MIN ( density ) FROM state ) );
what is the largest city in smallest state through which the mississippi runs,"SELECT city_name FROM city WHERE state_name IN ( SELECT state_name FROM state WHERE state_name IN ( SELECT traverse FROM river WHERE river_name  =  ""mississippi"" ) AND area  =  ( SELECT MIN ( area ) FROM state WHERE state_name IN ( SELECT traverse FROM river WHERE river_name  =  ""mississippi"" ) ) ) ORDER BY population DESC LIMIT 1;"
what is the largest city in the smallest state in the usa,SELECT city_name FROM city WHERE population  =  ( SELECT MAX ( population ) FROM city WHERE state_name IN ( SELECT state_name FROM state WHERE area  =  ( SELECT MIN ( area ) FROM state ) ) ) AND state_name IN ( SELECT state_name FROM state WHERE area  =  ( SELECT MIN ( area ) FROM state ) );
what is the biggest city in the smallest state,SELECT city_name FROM city WHERE population  =  ( SELECT MAX ( population ) FROM city WHERE state_name IN ( SELECT state_name FROM state WHERE area  =  ( SELECT MIN ( area ) FROM state ) ) ) AND state_name IN ( SELECT state_name FROM state WHERE area  =  ( SELECT MIN ( area ) FROM state ) );
what is the largest state bordering california,"SELECT state_name FROM state WHERE area  =  ( SELECT MAX ( area ) FROM state WHERE state_name IN ( SELECT border FROM border_info WHERE state_name  =  ""california"" ) ) AND state_name IN ( SELECT border FROM border_info WHERE state_name  =  ""california"" );"
what is the largest state that borders california,"SELECT state_name FROM state WHERE area  =  ( SELECT MAX ( area ) FROM state WHERE state_name IN ( SELECT border FROM border_info WHERE state_name  =  ""california"" ) ) AND state_name IN ( SELECT border FROM border_info WHERE state_name  =  ""california"" );"
what state that borders california is the largest,"SELECT state_name FROM state WHERE area  =  ( SELECT MAX ( area ) FROM state WHERE state_name IN ( SELECT border FROM border_info WHERE state_name  =  ""california"" ) ) AND state_name IN ( SELECT border FROM border_info WHERE state_name  =  ""california"" );"
what is the longest river in the largest state,SELECT river_name FROM river WHERE LENGTH  =  ( SELECT MAX ( LENGTH ) FROM river WHERE traverse IN ( SELECT state_name FROM state WHERE area  =  ( SELECT MAX ( area ) FROM state ) ) ) AND traverse IN ( SELECT state_name FROM state WHERE area  =  ( SELECT MAX ( area ) FROM state ) );
what is the longest river in the states that border tennessee,"SELECT river_name FROM river WHERE LENGTH  =  ( SELECT MAX ( LENGTH ) FROM river WHERE traverse IN ( SELECT border FROM border_info WHERE state_name  =  ""tennessee"" ) ) AND traverse IN ( SELECT border FROM border_info WHERE state_name  =  ""tennessee"" );"
what is the longest river that flows through a state that borders tennessee,"SELECT river_name FROM river WHERE LENGTH  =  ( SELECT MAX ( LENGTH ) FROM river WHERE traverse IN ( SELECT border FROM border_info WHERE state_name  =  ""tennessee"" ) ) AND traverse IN ( SELECT border FROM border_info WHERE state_name  =  ""tennessee"" );"
what is the longest river that runs through a state that borders tennessee,"SELECT river_name FROM river WHERE LENGTH  =  ( SELECT MAX ( LENGTH ) FROM river WHERE traverse IN ( SELECT border FROM border_info WHERE state_name  =  ""tennessee"" ) ) AND traverse IN ( SELECT border FROM border_info WHERE state_name  =  ""tennessee"" );"
what is the longest river in the state with the most major cities,SELECT river_name FROM river WHERE traverse  =  ( SELECT state_name FROM city WHERE population  >  150000 GROUP BY state_name ORDER BY COUNT ( city_name ) DESC LIMIT 1 ) ORDER BY LENGTH DESC LIMIT 1;
what is the lowest point in iowa,"SELECT lowest_point FROM highlow WHERE state_name  =  ""iowa"";"
what is the lowest point in iowa in meters,"SELECT lowest_point FROM highlow WHERE state_name  =  ""iowa"";"
what is the lowest point in the state of iowa,"SELECT lowest_point FROM highlow WHERE state_name  =  ""iowa"";"
where is the lowest point in iowa,"SELECT lowest_point FROM highlow WHERE state_name  =  ""iowa"";"
what is the lowest point of iowa,"SELECT lowest_point FROM highlow WHERE state_name  =  ""iowa"";"
where is the lowest spot in iowa,"SELECT lowest_point FROM highlow WHERE state_name  =  ""iowa"";"
what is the lowest point in usa,SELECT lowest_point FROM highlow WHERE lowest_elevation  =  ( SELECT MIN ( lowest_elevation ) FROM highlow );
what is the lowest point in the united states,SELECT lowest_point FROM highlow WHERE lowest_elevation  =  ( SELECT MIN ( lowest_elevation ) FROM highlow );
where is the lowest point in the us,SELECT lowest_point FROM highlow WHERE lowest_elevation  =  ( SELECT MIN ( lowest_elevation ) FROM highlow );
what is the lowest point of the us,SELECT lowest_point FROM highlow WHERE lowest_elevation  =  ( SELECT MIN ( lowest_elevation ) FROM highlow );
what is the lowest point of all states through which the mississippi river runs through,"SELECT lowest_point FROM highlow WHERE state_name IN ( SELECT traverse FROM river WHERE river_name  =  ""mississippi"" ) ORDER BY lowest_elevation LIMIT 1;"
which is the lowest point of the states that the mississippi runs through,"SELECT lowest_point FROM highlow WHERE state_name IN ( SELECT traverse FROM river WHERE river_name  =  ""mississippi"" ) ORDER BY lowest_elevation LIMIT 1;"
what is the most dense state in the usa,SELECT state_name FROM state WHERE density  =  ( SELECT MAX ( density ) FROM state );
which state has the highest population density,SELECT state_name FROM state WHERE density  =  ( SELECT MAX ( density ) FROM state );
which state has the greatest density,SELECT state_name FROM state WHERE density  =  ( SELECT MAX ( density ) FROM state );
what state has the highest population density,SELECT state_name FROM state WHERE density  =  ( SELECT MAX ( density ) FROM state );
what state has the greatest population density,SELECT state_name FROM state WHERE density  =  ( SELECT MAX ( density ) FROM state );
what state has the largest population density,SELECT state_name FROM state WHERE density  =  ( SELECT MAX ( density ) FROM state );
what is the state with the largest density in usa,SELECT state_name FROM state WHERE density  =  ( SELECT MAX ( density ) FROM state );
what is the state with the largest population density,SELECT state_name FROM state WHERE density  =  ( SELECT MAX ( density ) FROM state );
which state has the largest density,SELECT state_name FROM state WHERE density  =  ( SELECT MAX ( density ) FROM state );
what is the most populous state through which the mississippi runs,"SELECT state_name FROM state WHERE population  =  ( SELECT MAX ( population ) FROM state WHERE state_name IN ( SELECT traverse FROM river WHERE river_name  =  ""mississippi"" ) ) AND state_name IN ( SELECT traverse FROM river WHERE river_name  =  ""mississippi"" );"
what state which the mississippi runs through has the largest population,"SELECT state_name FROM state WHERE population  =  ( SELECT MAX ( population ) FROM state WHERE state_name IN ( SELECT traverse FROM river WHERE river_name  =  ""mississippi"" ) ) AND state_name IN ( SELECT traverse FROM river WHERE river_name  =  ""mississippi"" );"
what is the population density of the largest state,SELECT density FROM state WHERE area  =  ( SELECT MAX ( area ) FROM state );
what is the population of the largest city in the state with the largest area,SELECT population FROM city WHERE population  =  ( SELECT MAX ( population ) FROM city WHERE state_name IN ( SELECT state_name FROM state WHERE area  =  ( SELECT MAX ( area ) FROM state ) ) ) AND state_name IN ( SELECT state_name FROM state WHERE area  =  ( SELECT MAX ( area ) FROM state ) );
what is the population of the smallest state,SELECT population FROM state WHERE area  =  ( SELECT MIN ( area ) FROM state );
what is the population of the state with the highest population density,SELECT population FROM state WHERE density  =  ( SELECT MAX ( density ) FROM state );
how many people live in the state with the largest population density,SELECT population FROM state WHERE density  =  ( SELECT MAX ( density ) FROM state );
what is the smallest city in the usa,SELECT city_name FROM city WHERE population  =  ( SELECT MIN ( population ) FROM city );
what is the smallest city in the us,SELECT city_name FROM city WHERE population  =  ( SELECT MIN ( population ) FROM city );
what city has the least population,SELECT city_name FROM city WHERE population  =  ( SELECT MIN ( population ) FROM city );
what is the city with the smallest population,SELECT city_name FROM city WHERE population  =  ( SELECT MIN ( population ) FROM city );
what is the smallest state bordering texas,"SELECT state_name FROM state WHERE area  =  ( SELECT MIN ( area ) FROM state WHERE state_name IN ( SELECT border FROM border_info WHERE state_name  =  ""texas"" ) ) AND state_name IN ( SELECT border FROM border_info WHERE state_name  =  ""texas"" );"
what is the smallest state that borders texas,"SELECT state_name FROM state WHERE area  =  ( SELECT MIN ( area ) FROM state WHERE state_name IN ( SELECT border FROM border_info WHERE state_name  =  ""texas"" ) ) AND state_name IN ( SELECT border FROM border_info WHERE state_name  =  ""texas"" );"
which state has the smallest area that borders texas,"SELECT state_name FROM state WHERE area  =  ( SELECT MIN ( area ) FROM state WHERE state_name IN ( SELECT border FROM border_info WHERE state_name  =  ""texas"" ) ) AND state_name IN ( SELECT border FROM border_info WHERE state_name  =  ""texas"" );"
what is the smallest state that the mississippi river runs through,"SELECT state_name FROM state WHERE area  =  ( SELECT MIN ( area ) FROM state WHERE state_name IN ( SELECT traverse FROM river WHERE river_name  =  ""mississippi"" ) ) AND state_name IN ( SELECT traverse FROM river WHERE river_name  =  ""mississippi"" );"
what is the state with the smallest area,SELECT state_name FROM state WHERE area  =  ( SELECT MIN ( area ) FROM state );
which is the smallest state,SELECT state_name FROM state WHERE area  =  ( SELECT MIN ( area ) FROM state );
which state is the smallest,SELECT state_name FROM state WHERE area  =  ( SELECT MIN ( area ) FROM state );
what is the smallest state in the usa,SELECT state_name FROM state WHERE area  =  ( SELECT MIN ( area ) FROM state );
what is the smallest state by area,SELECT state_name FROM state WHERE area  =  ( SELECT MIN ( area ) FROM state );
what state has the smallest area,SELECT state_name FROM state WHERE area  =  ( SELECT MIN ( area ) FROM state );
what is the total length of all rivers in the usa,SELECT SUM ( LENGTH ) FROM river;
what river flows through the most states,SELECT river_name FROM river GROUP BY ( river_name ) ORDER BY COUNT ( DISTINCT traverse ) DESC LIMIT 1;
which river goes through the most states,SELECT river_name FROM river GROUP BY ( river_name ) ORDER BY COUNT ( DISTINCT traverse ) DESC LIMIT 1;
which river runs through most states,SELECT river_name FROM river GROUP BY ( river_name ) ORDER BY COUNT ( DISTINCT traverse ) DESC LIMIT 1;
which river traverses most states,SELECT river_name FROM river GROUP BY ( river_name ) ORDER BY COUNT ( DISTINCT traverse ) DESC LIMIT 1;
what river traverses the most states,SELECT river_name FROM river GROUP BY ( river_name ) ORDER BY COUNT ( DISTINCT traverse ) DESC LIMIT 1;
which river runs through the most states,SELECT river_name FROM river GROUP BY ( river_name ) ORDER BY COUNT ( DISTINCT traverse ) DESC LIMIT 1;
what river runs through the most states,SELECT river_name FROM river GROUP BY ( river_name ) ORDER BY COUNT ( DISTINCT traverse ) DESC LIMIT 1;
what rivers are in states that border alabama,"SELECT river_name FROM river WHERE traverse IN ( SELECT border FROM border_info WHERE state_name  =  ""alabama"" );"
which rivers run through states bordering alabama,"SELECT river_name FROM river WHERE traverse IN ( SELECT border FROM border_info WHERE state_name  =  ""alabama"" );"
what rivers flow through states that alabama borders,"SELECT river_name FROM river WHERE traverse IN ( SELECT border FROM border_info WHERE state_name  =  ""alabama"" );"
what state bordering oklahoma has the largest population,"SELECT state_name FROM state WHERE state_name IN ( SELECT border FROM border_info WHERE state_name  =  ""oklahoma"" ) ORDER BY population DESC LIMIT 1;"
which of the states bordering oklahoma has the largest population,"SELECT state_name FROM state WHERE state_name IN ( SELECT border FROM border_info WHERE state_name  =  ""oklahoma"" ) ORDER BY population DESC LIMIT 1;"
what state that borders oklahoma has the highest population,"SELECT state_name FROM state WHERE state_name IN ( SELECT border FROM border_info WHERE state_name  =  ""oklahoma"" ) ORDER BY population DESC LIMIT 1;"
what is the most populated state bordering oklahoma,"SELECT state_name FROM state WHERE state_name IN ( SELECT border FROM border_info WHERE state_name  =  ""oklahoma"" ) ORDER BY population DESC LIMIT 1;"
what state contains the highest point of those the colorado river traverses,"SELECT state_name FROM highlow WHERE highest_elevation  =  ( SELECT MAX ( highest_elevation ) FROM highlow WHERE state_name IN ( SELECT traverse FROM river WHERE river_name  =  ""colorado"" ) );"
what state has the largest capital,SELECT state_name FROM city WHERE population  =  ( SELECT MAX ( t1.population ) FROM state AS t2 JOIN city AS t1 ON t2.capital  =  t1.city_name );
which state 's capital city is the largest,SELECT state_name FROM city WHERE population  =  ( SELECT MAX ( t1.population ) FROM state AS t2 JOIN city AS t1 ON t2.capital  =  t1.city_name );
what state has the longest river,SELECT DISTINCT traverse FROM river WHERE LENGTH  =  ( SELECT MAX ( DISTINCT LENGTH ) FROM river );
what state has the smallest urban population,SELECT state_name FROM city GROUP BY state_name ORDER BY SUM ( population ) LIMIT 1;
what states border states that border colorado,"SELECT border FROM border_info WHERE state_name IN ( SELECT border FROM border_info WHERE state_name  =  ""colorado"" );"
what states border states that the mississippi runs through,"SELECT border FROM border_info WHERE state_name IN ( SELECT traverse FROM river WHERE river_name  =  ""mississippi"" );"
which states border states through which the mississippi traverses,"SELECT border FROM border_info WHERE state_name IN ( SELECT traverse FROM river WHERE river_name  =  ""mississippi"" );"
what states border states which the mississippi runs through,"SELECT border FROM border_info WHERE state_name IN ( SELECT traverse FROM river WHERE river_name  =  ""mississippi"" );"
what states border texas and have a major river,"SELECT state_name FROM border_info WHERE border  =  ""texas"" AND state_name IN ( SELECT traverse FROM river WHERE LENGTH  >  750 );"
what states border the most populous state,SELECT border FROM border_info WHERE state_name  =  ( SELECT state_name FROM state WHERE population  =  ( SELECT MAX ( population ) FROM state ) );
what are the states that border the state with the greatest population,SELECT border FROM border_info WHERE state_name  =  ( SELECT state_name FROM state WHERE population  =  ( SELECT MAX ( population ) FROM state ) );
what states border the state with the smallest area,SELECT border FROM border_info WHERE state_name  =  ( SELECT state_name FROM state WHERE area  =  ( SELECT MIN ( area ) FROM state ) );
which states border the state with the smallest area,SELECT border FROM border_info WHERE state_name  =  ( SELECT state_name FROM state WHERE area  =  ( SELECT MIN ( area ) FROM state ) );
what states contain at least one major rivers,SELECT traverse FROM river WHERE LENGTH  >  750;
where are mountains,SELECT state_name FROM mountain;
where is the highest mountain of the united states,SELECT state_name FROM mountain WHERE mountain_altitude  =  ( SELECT MAX ( mountain_altitude ) FROM mountain );
which state has the highest peak in the country,SELECT state_name FROM mountain WHERE mountain_altitude  =  ( SELECT MAX ( mountain_altitude ) FROM mountain );
where is the smallest city,SELECT state_name FROM city WHERE population  =  ( SELECT MIN ( population ) FROM city );
which is the density of the state that the largest river in the united states runs through,SELECT density FROM state WHERE state_name IN ( SELECT traverse FROM river WHERE LENGTH  =  ( SELECT MAX ( LENGTH ) FROM river ) );
which is the highest peak not in alaska,"SELECT mountain_name FROM mountain WHERE mountain_altitude  =  ( SELECT MAX ( mountain_altitude ) FROM mountain WHERE state_name != ""alaska"" );"
which rivers do not run through tennessee,"SELECT river_name FROM river WHERE river_name NOT IN ( SELECT river_name FROM river WHERE traverse  =  ""tennessee"" );"
what rivers do not run through tennessee,"SELECT river_name FROM river WHERE river_name NOT IN ( SELECT river_name FROM river WHERE traverse  =  ""tennessee"" );"
which rivers do not run through usa,"SELECT river_name FROM river WHERE country_name != ""usa"";"
which rivers run through states that border the state with the capital atlanta,"SELECT river_name FROM river WHERE traverse IN ( SELECT border FROM border_info WHERE state_name IN ( SELECT state_name FROM state WHERE capital  =  ""atlanta"" ) );"
what rivers run through the states that border the state with the capital atlanta,"SELECT river_name FROM river WHERE traverse IN ( SELECT border FROM border_info WHERE state_name IN ( SELECT state_name FROM state WHERE capital  =  ""atlanta"" ) );"
which state capital has the smallest population,SELECT city_name FROM city WHERE population  =  ( SELECT MIN ( t1.population ) FROM state AS t2 JOIN city AS t1 ON t2.capital  =  t1.city_name );
which state has the highest elevation,SELECT state_name FROM highlow WHERE highest_elevation  =  ( SELECT MAX ( highest_elevation ) FROM highlow );
which state has the highest point,SELECT state_name FROM highlow WHERE highest_elevation  =  ( SELECT MAX ( highest_elevation ) FROM highlow );
what state has the highest elevation,SELECT state_name FROM highlow WHERE highest_elevation  =  ( SELECT MAX ( highest_elevation ) FROM highlow );
in which state does the highest point in usa exist,SELECT state_name FROM highlow WHERE highest_elevation  =  ( SELECT MAX ( highest_elevation ) FROM highlow );
what state has highest elevation,SELECT state_name FROM highlow WHERE highest_elevation  =  ( SELECT MAX ( highest_elevation ) FROM highlow );
what is the state with the highest elevation in the united states,SELECT state_name FROM highlow WHERE highest_elevation  =  ( SELECT MAX ( highest_elevation ) FROM highlow );
what is the state that contains the highest point,SELECT state_name FROM highlow WHERE highest_elevation  =  ( SELECT MAX ( highest_elevation ) FROM highlow );
what state contains the highest point in the us,SELECT state_name FROM highlow WHERE highest_elevation  =  ( SELECT MAX ( highest_elevation ) FROM highlow );
which state has the lowest elevation,SELECT state_name FROM highlow WHERE lowest_elevation  =  ( SELECT MIN ( lowest_elevation ) FROM highlow );
what is the name of the state with the lowest point,SELECT state_name FROM highlow WHERE lowest_elevation  =  ( SELECT MIN ( lowest_elevation ) FROM highlow );
what is the state with the lowest point,SELECT state_name FROM highlow WHERE lowest_elevation  =  ( SELECT MIN ( lowest_elevation ) FROM highlow );
which state has the lowest point that borders idaho,"SELECT state_name FROM highlow WHERE lowest_elevation  =  ( SELECT MIN ( lowest_elevation ) FROM highlow WHERE state_name IN ( SELECT border FROM border_info WHERE state_name  =  ""idaho"" ) ) AND state_name IN ( SELECT border FROM border_info WHERE state_name  =  ""idaho"" );"
which state has the smallest average urban population,SELECT state_name FROM city GROUP BY state_name ORDER BY AVG ( population ) LIMIT 1;
which state is mount whitney in,"SELECT state_name FROM mountain WHERE mountain_name  =  ""whitney"";"
in what state is mount whitney,"SELECT state_name FROM mountain WHERE mountain_name  =  ""whitney"";"
where is mount whitney,"SELECT state_name FROM mountain WHERE mountain_name  =  ""whitney"";"
where is mount whitney located,"SELECT state_name FROM mountain WHERE mountain_name  =  ""whitney"";"
which states have a river,SELECT traverse FROM river;
what states have rivers running through them,SELECT traverse FROM river;
which states have a major city named austin,"SELECT state_name FROM city WHERE city_name  =  ""austin"" AND population  >  150000;"
what is the largest city in a state that borders california,"SELECT city_name FROM city WHERE population  =  ( SELECT MAX ( population ) FROM city WHERE state_name IN ( SELECT border FROM border_info WHERE state_name  =  ""california"" ) ) AND state_name IN ( SELECT border FROM border_info WHERE state_name  =  ""california"" );"
what is the largest city in states that border california,"SELECT city_name FROM city WHERE population  =  ( SELECT MAX ( population ) FROM city WHERE state_name IN ( SELECT border FROM border_info WHERE state_name  =  ""california"" ) ) AND state_name IN ( SELECT border FROM border_info WHERE state_name  =  ""california"" );"
how many rivers do not traverse the state with the capital albany,"SELECT COUNT ( river_name ) FROM river WHERE traverse NOT IN ( SELECT state_name FROM state WHERE capital  =  ""albany"" );"
what is the shortest river in texas,"SELECT river_name FROM river WHERE LENGTH  =  ( SELECT MIN ( LENGTH ) FROM river WHERE traverse  =  ""texas"" ) AND traverse  =  ""texas"";"
what are the major cities in the smallest state in the us,SELECT city_name FROM city WHERE population  >  150000 AND state_name  =  ( SELECT state_name FROM state WHERE area  =  ( SELECT MIN ( area ) FROM state ) );
what is the population of the capital of the largest state through which the mississippi runs,"SELECT population FROM city WHERE city_name  =  ( SELECT capital FROM state WHERE area  =  ( SELECT MAX ( t1.area ) FROM state AS t1 JOIN river AS t2 ON t1.state_name  =  t2.traverse WHERE t2.river_name  =  ""mississippi"" ) );"
what is the shortest river in the usa,SELECT river_name FROM river WHERE LENGTH  =  ( SELECT MIN ( LENGTH ) FROM river );
what is the shortest river,SELECT river_name FROM river WHERE LENGTH  =  ( SELECT MIN ( LENGTH ) FROM river );
what is the shortest river in the us,SELECT river_name FROM river WHERE LENGTH  =  ( SELECT MIN ( LENGTH ) FROM river );
what is the shortest river in the united states,SELECT river_name FROM river WHERE LENGTH  =  ( SELECT MIN ( LENGTH ) FROM river );
which is the shortest river,SELECT river_name FROM river WHERE LENGTH  =  ( SELECT MIN ( LENGTH ) FROM river );
what is the capital of the state that borders the state that borders texas,"SELECT capital FROM state WHERE state_name IN ( SELECT border FROM border_info WHERE state_name IN ( SELECT border FROM border_info WHERE state_name  =  ""texas"" ) );"
what is the smallest city of the smallest state in the us,SELECT city_name FROM city WHERE population  =  ( SELECT MIN ( population ) FROM city WHERE state_name IN ( SELECT state_name FROM state WHERE area  =  ( SELECT MIN ( area ) FROM state ) ) ) AND state_name IN ( SELECT state_name FROM state WHERE area  =  ( SELECT MIN ( area ) FROM state ) );
what is the population of the largest state that borders texas,"SELECT population FROM state WHERE area  =  ( SELECT MAX ( area ) FROM state WHERE state_name IN ( SELECT border FROM border_info WHERE state_name  =  ""texas"" ) ) AND state_name IN ( SELECT border FROM border_info WHERE state_name  =  ""texas"" );"
what state is salem the capital of,"SELECT state_name FROM state WHERE capital  =  ""salem"";"
what states capital is salem,"SELECT state_name FROM state WHERE capital  =  ""salem"";"
salem is the capital of which state,"SELECT state_name FROM state WHERE capital  =  ""salem"";"
what state has the capital salem,"SELECT state_name FROM state WHERE capital  =  ""salem"";"
what rivers flow through the state with the largest population,SELECT river_name FROM river WHERE traverse IN ( SELECT state_name FROM state WHERE population  =  ( SELECT MAX ( population ) FROM state ) );
what is the largest state that borders the state with the highest population,SELECT state_name FROM state WHERE area  =  ( SELECT MAX ( area ) FROM state WHERE state_name IN ( SELECT state_name FROM border_info WHERE border IN ( SELECT state_name FROM state WHERE population  =  ( SELECT MAX ( population ) FROM state ) ) ) ) AND state_name IN ( SELECT state_name FROM border_info WHERE border IN ( SELECT state_name FROM state WHERE population  =  ( SELECT MAX ( population ) FROM state ) ) );
how many rivers are there in us,SELECT COUNT ( river_name ) FROM river;
name the 50 capitals in the usa,SELECT DISTINCT capital FROM state;
how many states have a city named springfield,"SELECT COUNT ( state_name ) FROM city WHERE city_name  =  ""springfield"";"
how many states have a city called springfield,"SELECT COUNT ( state_name ) FROM city WHERE city_name  =  ""springfield"";"
how many states have cities named springfield,"SELECT COUNT ( state_name ) FROM city WHERE city_name  =  ""springfield"";"
how many states have cities or towns named springfield,"SELECT COUNT ( state_name ) FROM city WHERE city_name  =  ""springfield"";"
what state borders the state with the smallest population,SELECT border FROM border_info WHERE state_name IN ( SELECT state_name FROM state WHERE population  =  ( SELECT MIN ( population ) FROM state ) );
what are the lakes in states bordering texas,"SELECT lake_name FROM lake WHERE state_name IN ( SELECT border FROM border_info WHERE state_name  =  ""texas"" );"
how many major cities are in texas,"SELECT COUNT ( city_name ) FROM city WHERE population  >  150000 AND state_name  =  ""texas"";"
how many big cities are in texas,"SELECT COUNT ( city_name ) FROM city WHERE population  >  150000 AND state_name  =  ""texas"";"
how many major cities are there in texas,"SELECT COUNT ( city_name ) FROM city WHERE population  >  150000 AND state_name  =  ""texas"";"
how high are the highest points of all the states,SELECT highest_elevation FROM highlow;
how many states does the missouri run through,"SELECT COUNT ( traverse ) FROM river WHERE river_name  =  ""missouri"";"
how many states does the missouri river flow through,"SELECT COUNT ( traverse ) FROM river WHERE river_name  =  ""missouri"";"
how many states does the missouri river run through,"SELECT COUNT ( traverse ) FROM river WHERE river_name  =  ""missouri"";"
what is the longest river in the smallest state in the usa,SELECT river_name FROM river WHERE LENGTH  =  ( SELECT MAX ( LENGTH ) FROM river WHERE traverse IN ( SELECT state_name FROM state WHERE area  =  ( SELECT MIN ( area ) FROM state ) ) ) AND traverse IN ( SELECT state_name FROM state WHERE area  =  ( SELECT MIN ( area ) FROM state ) );
what is the average population per square km in pennsylvania,"SELECT population / area FROM state WHERE state_name  =  ""pennsylvania"";"
what states border states that border states that border florida,"SELECT border FROM border_info WHERE state_name IN ( SELECT border FROM border_info WHERE state_name IN ( SELECT border FROM border_info WHERE state_name  =  ""florida"" ) );"
how many states border at least one other state,SELECT COUNT ( DISTINCT state_name ) FROM border_info;
what is the height of the highest mountain in texas,"SELECT MAX ( DISTINCT highest_elevation ) FROM highlow WHERE state_name  =  ""texas"";"
how many states border colorado and border new mexico,"SELECT COUNT ( border ) FROM border_info WHERE border IN ( SELECT border FROM border_info WHERE state_name  =  ""new mexico"" ) AND state_name  =  ""colorado"";"
how many major cities are in states bordering nebraska,"SELECT COUNT ( city_name ) FROM city WHERE population  >  150000 AND state_name IN ( SELECT border FROM border_info WHERE state_name  =  ""nebraska"" );"
what is the total population of the states that border texas,"SELECT SUM ( t2.population ) FROM state AS t2 JOIN border_info AS t1 ON t2.state_name  =  t1.border WHERE t1.state_name  =  ""texas"";"
what are the major lakes in united states,SELECT lake_name FROM lake WHERE area  >  750;
show me all the major lakes in the us,SELECT lake_name FROM lake WHERE area  >  750;
name all the lakes of us,SELECT lake_name FROM lake;
how many major rivers cross ohio,"SELECT COUNT ( river_name ) FROM river WHERE LENGTH  >  750 AND traverse  =  ""ohio"";"
what state has the shortest river,SELECT DISTINCT traverse FROM river WHERE LENGTH  =  ( SELECT MIN ( DISTINCT LENGTH ) FROM river );
how many states are next to major rivers,SELECT COUNT ( DISTINCT traverse ) FROM river WHERE LENGTH  >  750;
what is the height of mount mckinley,"SELECT mountain_altitude FROM mountain WHERE mountain_name  =  ""mckinley"";"
what states does the shortest river run through,SELECT traverse FROM river WHERE LENGTH  =  ( SELECT MIN ( LENGTH ) FROM river );
what is the highest point in the state with the smallest population,SELECT t2.highest_point FROM state AS t1 JOIN highlow AS t2 ON t1.state_name  =  t2.state_name WHERE t1.state_name IN ( SELECT state_name FROM state WHERE population  =  ( SELECT MIN ( population ) FROM state ) );
which rivers run through the state with the lowest elevation in the usa,SELECT river_name FROM river WHERE traverse IN ( SELECT state_name FROM highlow WHERE lowest_elevation  =  ( SELECT MIN ( lowest_elevation ) FROM highlow ) );
what rivers run through the state with the lowest point in the usa,SELECT river_name FROM river WHERE traverse IN ( SELECT state_name FROM highlow WHERE lowest_elevation  =  ( SELECT MIN ( lowest_elevation ) FROM highlow ) );
what mountains are in alaska,"SELECT mountain_name FROM mountain WHERE state_name  =  ""alaska"";"
how many states have major rivers,SELECT COUNT ( traverse ) FROM river WHERE LENGTH  >  750;
what is the smallest state through which the longest river runs,SELECT state_name FROM state WHERE area  =  ( SELECT MIN ( area ) FROM state WHERE state_name IN ( SELECT traverse FROM river WHERE LENGTH  =  ( SELECT MAX ( LENGTH ) FROM river ) ) ) AND state_name IN ( SELECT traverse FROM river WHERE LENGTH  =  ( SELECT MAX ( LENGTH ) FROM river ) );
what is the largest state traversed by the rio grande river,"SELECT state_name FROM state WHERE area  =  ( SELECT MAX ( area ) FROM state WHERE state_name IN ( SELECT traverse FROM river WHERE river_name  =  ""rio grande"" ) ) AND state_name IN ( SELECT traverse FROM river WHERE river_name  =  ""rio grande"" );"
what is the largest of the state that the rio grande runs through,"SELECT state_name FROM state WHERE area  =  ( SELECT MAX ( area ) FROM state WHERE state_name IN ( SELECT traverse FROM river WHERE river_name  =  ""rio grande"" ) ) AND state_name IN ( SELECT traverse FROM river WHERE river_name  =  ""rio grande"" );"
how many rivers run through the states bordering colorado,"SELECT COUNT ( river_name ) FROM river WHERE traverse IN ( SELECT border FROM border_info WHERE state_name  =  ""colorado"" );"
what state has no rivers,SELECT state_name FROM state WHERE state_name NOT IN ( SELECT traverse FROM river );
what is the capital of the largest state,SELECT capital FROM state WHERE area  =  ( SELECT MAX ( area ) FROM state );
what is the capital city of the largest state in the us,SELECT capital FROM state WHERE area  =  ( SELECT MAX ( area ) FROM state );
how many cities are in texas,"SELECT COUNT ( city_name ) FROM city WHERE state_name  =  ""texas"";"
how many cities does texas have,"SELECT COUNT ( city_name ) FROM city WHERE state_name  =  ""texas"";"
what is the area of the states,SELECT area FROM state;
how many states in the us does the shortest river run through,SELECT COUNT ( DISTINCT traverse ) FROM river WHERE LENGTH  =  ( SELECT MIN ( DISTINCT LENGTH ) FROM river );
what rivers flow through states that border the state with the largest population,SELECT river_name FROM river WHERE traverse IN ( SELECT border FROM border_info WHERE state_name IN ( SELECT state_name FROM state WHERE population  =  ( SELECT MAX ( population ) FROM state ) ) );
what are the major cities in the largest state,SELECT city_name FROM city WHERE population  >  150000 AND state_name  =  ( SELECT state_name FROM state WHERE area  =  ( SELECT MAX ( area ) FROM state ) );
what is the area of the smallest state,SELECT area FROM state WHERE area  =  ( SELECT MIN ( area ) FROM state );
which states border the longest river in the usa,SELECT border FROM border_info WHERE state_name IN ( SELECT traverse FROM river WHERE LENGTH  =  ( SELECT MAX ( LENGTH ) FROM river ) );
what is the population density of the state with the smallest population,SELECT density FROM state WHERE population  =  ( SELECT MIN ( population ) FROM state );
how many states border the mississippi river,"SELECT COUNT ( DISTINCT border ) FROM border_info WHERE state_name IN ( SELECT traverse FROM river WHERE river_name  =  ""mississippi"" );"
what states have a capital that is the highest point in the state,SELECT t1.state_name FROM state AS t1 JOIN highlow AS t2 ON t1.capital  =  t2.highest_point;
what is the population of the capital of the smallest state,SELECT population FROM city WHERE city_name  =  ( SELECT capital FROM state WHERE area  =  ( SELECT MIN ( area ) FROM state ) );
what is the population of the capital of the largest state,SELECT population FROM city WHERE city_name  =  ( SELECT capital FROM state WHERE area  =  ( SELECT MAX ( area ) FROM state ) );
what is the lowest point of the state with the largest area,SELECT t2.lowest_point FROM state AS t1 JOIN highlow AS t2 ON t1.state_name  =  t2.state_name WHERE t1.state_name IN ( SELECT state_name FROM state WHERE area  =  ( SELECT MAX ( area ) FROM state ) );
what states border states that border the state with the largest population,SELECT t1.border FROM border_info AS t2 JOIN border_info AS t1 ON t2.border  =  t1.state_name WHERE t2.state_name IN ( SELECT state_name FROM state WHERE population  =  ( SELECT MAX ( population ) FROM state ) );
what is the size of the largest state in the usa,SELECT MAX ( area ) FROM state;
what is the area of the largest state,SELECT MAX ( area ) FROM state;
which capitals are not major cities,SELECT t2.capital FROM state AS t2 JOIN city AS t1 ON t2.capital  =  t1.city_name WHERE t1.population  <=  150000;
give me the cities in usa,SELECT city_name FROM city;
what is the highest point of the state with the largest area,SELECT t2.highest_point FROM state AS t1 JOIN highlow AS t2 ON t1.state_name  =  t2.state_name WHERE t1.state_name IN ( SELECT state_name FROM state WHERE area  =  ( SELECT MAX ( area ) FROM state ) );
where is massachusetts,"SELECT country_name FROM state WHERE state_name  =  ""massachusetts"";"
what state has the largest urban population,SELECT state_name FROM city GROUP BY state_name ORDER BY SUM ( population ) DESC LIMIT 1;
what are the major rivers in the us,SELECT river_name FROM river;
how many cities named austin are there in the usa,"SELECT COUNT ( city_name ) FROM city WHERE city_name  =  ""austin"";"
how many people live in the smallest state bordering wyoming,"SELECT population FROM state WHERE population  =  ( SELECT MAX ( population ) FROM state WHERE state_name IN ( SELECT border FROM border_info WHERE state_name  =  ""wyoming"" ) ) AND state_name IN ( SELECT border FROM border_info WHERE state_name  =  ""wyoming"" );"
what is the length of the colorado river in texas,"SELECT LENGTH FROM river WHERE river_name  =  ""colorado"" AND traverse  =  ""texas"";"
what is the population density in the state with capital austin,"SELECT density FROM state WHERE capital  =  ""austin"";"
how long is the shortest river in the usa,SELECT LENGTH FROM river WHERE LENGTH  =  ( SELECT MIN ( LENGTH ) FROM river );
what is the elevation of death valley,"SELECT lowest_elevation FROM highlow WHERE lowest_point  =  ""death valley"";"
what is the average population of the us by state,SELECT AVG ( population ) FROM state;
what rivers flow through the largest state,SELECT river_name FROM river WHERE traverse IN ( SELECT state_name FROM state WHERE area  =  ( SELECT MAX ( area ) FROM state ) );
what states border states that border states that border states that border texas,"SELECT t1.border FROM border_info AS t2 JOIN border_info AS t1 ON t2.border  =  t1.state_name JOIN border_info AS t3 ON t3.border  =  t2.state_name JOIN border_info AS t4 ON t4.border  =  t3.state_name WHERE t4.state_name  =  ""texas"";"
how many states border on the state whose capital is boston,"SELECT COUNT ( border ) FROM border_info WHERE state_name  =  ( SELECT state_name FROM state WHERE capital  =  ""boston"" );"
what are the major cities in the states through which the major river in virginia runs,"SELECT city_name FROM city WHERE population  >  150000 AND state_name IN ( SELECT traverse FROM river WHERE river_name IN ( SELECT river_name FROM river WHERE LENGTH  >  750 AND traverse  =  ""virginia"" ) );"
which states does not border texas,"SELECT state_name FROM state WHERE state_name NOT IN ( SELECT border FROM border_info WHERE state_name  =  ""texas"" );"
how many states border the largest state,SELECT COUNT ( border ) FROM border_info WHERE state_name  =  ( SELECT state_name FROM state WHERE area  =  ( SELECT MAX ( area ) FROM state ) );
which state is the largest city in montana in,"SELECT state_name FROM city WHERE population  =  ( SELECT MAX ( population ) FROM city WHERE state_name  =  ""montana"" ) AND state_name  =  ""montana"";"
what is capital of the state with the lowest point,SELECT t1.capital FROM highlow AS t2 JOIN state AS t1 ON t1.state_name  =  t2.state_name WHERE t2.lowest_elevation  =  ( SELECT MIN ( lowest_elevation ) FROM highlow ) ;
what is the biggest american city in a state with a river,SELECT DISTINCT t1.city_name FROM city AS t1 JOIN river AS t2 ON t2.traverse  =  t1.state_name WHERE t1.population  =  ( SELECT MAX ( t1.population ) FROM river AS t2 JOIN city AS t1 ON t2.traverse  =  t1.state_name );
how many rivers are in the state with the largest population,SELECT COUNT ( t2.river_name ) FROM river AS t2 JOIN state AS t1 ON t1.state_name  =  t2.traverse WHERE t1.state_name  =  ( SELECT state_name FROM state WHERE population  =  ( SELECT MAX ( population ) FROM state ) );
what is the largest state that borders the state with the lowest point in the usa,SELECT t1.state_name FROM highlow AS t3 JOIN border_info AS t1 ON t3.state_name  =  t1.border JOIN state AS t2 ON t2.state_name  =  t1.border WHERE t3.lowest_elevation  =  ( SELECT MIN ( lowest_elevation ) FROM highlow ) ORDER BY t2.area DESC LIMIT 1;
what is the capital of the state with the highest point,SELECT t1.capital FROM highlow AS t2 JOIN state AS t1 ON t1.state_name  =  t2.state_name WHERE t2.highest_elevation  =  ( SELECT MAX ( highest_elevation ) FROM highlow );
what is the capital of the state with the highest elevation,SELECT t1.capital FROM highlow AS t2 JOIN state AS t1 ON t1.state_name  =  t2.state_name WHERE t2.highest_elevation  =  ( SELECT MAX ( highest_elevation ) FROM highlow );
what is the highest point in the smallest state,SELECT t2.highest_point FROM highlow AS t2 JOIN state AS t1 ON t1.state_name  =  t2.state_name WHERE t1.area  =  ( SELECT MIN ( area ) FROM state );
how many rivers are in the state with the highest point.,SELECT COUNT ( t1.river_name ) FROM highlow AS t2 JOIN river AS t1 ON t1.traverse  =  t2.state_name WHERE t2.highest_elevation  =  ( SELECT MAX ( highest_elevation ) FROM highlow );
how high is the highest point in the largest state,SELECT t2.highest_elevation FROM highlow AS t2 JOIN state AS t1 ON t1.state_name  =  t2.state_name WHERE t1.area  =  ( SELECT MAX ( area ) FROM state );
what is the longest river in the state with the highest point,SELECT t1.river_name FROM highlow AS t2 JOIN river AS t1 ON t1.traverse  =  t2.state_name WHERE t2.highest_elevation  =  ( SELECT MAX ( highest_elevation ) FROM highlow ) ORDER BY t1.length DESC LIMIT 1;
